Store Code,Store Name,Email
FF001,Fisik Football - Daan Mogot,daanmogot@fisikfootball.com
FF002,Fisik Football - Senayan City,senayancity@fisikfootball.com
FF003,Fisik Football - Gandaria City,gandariacity@fisikfootball.com
FF009,Fisik Football - Grand Indonesia,grandindonesia@fisikfootball.com
FF010,Fisik Football - Pondok Indah Mall 3,pondokindahmall3@fisikfootball.com
FF012,Fisik Football - Summarecon Mall Bekasi,summareconmallbekasi@fisikfootball.com
FF013,Fisik Football - Bintaro Xchange,bintaroxchange@fisikfootball.com
FF014,Fisik Football - Pakuwon Mall Bekasi,pakuwonmallbekasi@fisikfootball.com
FF015,Fisik Football - Pakuwon Mall Surabaya,pakuwonmallsurabaya@fisikfootball.com
FF016,Fisik Football - Summarecon Mall Bandung,summareconmallbandung@fisikfootball.com
FO001,Factory Outlet-Daan Mogot,fodaanmogot@fisik.id
FO002,Factory Outlet - HOS Cokroaminoto,focokroaminoto@fisik.id
FS001,Fisik Sport - Margo City,margocity@fisik.id
FS002,Fisik Sport - Tunjungan Plaza 1,tunjunganplaza1@fisik.id
FS003,Fisik Sport - Tangcity,tangcity@fisik.id
FS005,Fisik Sport - Ayani Mega Mall,ayanimegamall@fisik.id
FS006,Fisik Sport - Cirebon Super Block,cirebonsuperblock@fisik.id
FS007,Fisik Sport - Seturan Square,seturansquare@fisik.id
FS008,Fisik Sport - Padjajaran,padjajaranbogor@fisik.id
FS012,Fisik Sport - Summarecon Mall Serpong,summareconmalserpong@fisik.id
FS014,Fisik Sport - Bandung Indah Plaza,bandungindahplaza@fisik.id
FS020,Fisik Sport - Plaza Medan Fair,plazamedanfair@fisik.id
FS025,Fisik Sport - Bintaro Xchange,bintaroxchange@fisik.id
FS027,Fisik Sport - Duta Mall Banjarmasin,dutamall@fisik.id
FS028,Fisik Sport - Ewalk Balikpapan,ewalkmall@fisik.id
FS029,Fisik Sport - Mall Olympic Garden,mallolympicgarden@fisik.id
FS031,Fisik Sport - Pakuwon Mall Solo,pakuwonmallsolo@fisik.id
FS033,Fisik Sport - Living World Denpasar,livingworlddenpasar@fisik.id
FS036,Fisik Sport - Paskal Shopping Center,23paskal@fisik.id
OD002,ODD - Senayan City,senayancity@ourdailydose.net
OD004,ODD - Kota Kasablanka,kotakasablanka@ourdailydose.net
OD005,ODD - PIK Avenue,pikavenue@ourdailydose.net
OD008,ODD - Pondok Indah Mall 2,pondokindahmall2@ourdailydose.net
OD009,ODD - Summarecon Serpong,summareconmalserpong@ourdailydose.net
OD010,ODD - Tunjungan Plaza 4,tunjunganplaza4@ourdailydose.net
OD011,ODD - Beachwalk,beachwalkbali@ourdailydose.net
OD012,ODD - Grand Indonesia Jakarta,grandindonesia@ourdailydose.net
OD016,ODD - Bintaro Jaya Xchange,bintaroxchange@ourdailydose.net
OD017,ODD - Summarecon Mall Bekasi,sumareconmallbekasi@ourdailydose.net
OD018,ODD - Margo City,margocity@ourdailydose.net
OD022,ODD - Gandaria City,gandariacity@ourdailydose.net
SS001,Specs Store - Tunjungan Plaza 3,tunjunganplaza3@specs.id
SS002,Specs Store - Kartini Cirebon,rukokartini@specs.id
SS003,Specs Store - Plaza Medan Fair,plazamedanfair@specs.id
